{"version": 1, "total_elapsed_sec": 836.1717838421464, "housekeeping": {"elapsed_sec": 5.0, "elapsed_ns": 5000000000, "power_samples": [1159.9869743709999, 1162.1058847670001, 1178.856186222, 1180.7564743259998, 1182.5082482399998, 1182.6567624299998, 1190.3363906509999, 1182.7308676699997, 1188.435983475, 1180.830460494, 1190.261808879, 1188.435983475, 1194.0662791199998, 1180.830460494, 1184.635169123, 1188.2122901999999, 1182.5082482399998, 1182.5082482399998, 1188.3615207750001, 1180.7564743259998, 1184.412191256, 1193.91633216, 1182.5082482399998, 1180.608198768, 1182.434143, 1190.0377579, 1178.7081492959999, 1184.560944567, 1182.434143], "power_mean": 1183.0827870243102, "energy_millijoules": 5915.413935121551, "energy_joules": 5.915413935121551}, "cpus": {"1": {"freqs": {}}, "4": {"freqs": {}}}, "meta": {"housekeeping_cpu": 0, "power_sample_interval": 1000, "cpu_count": 8}}