{"version": 1, "total_elapsed_sec": 836.1717838421464, "housekeeping": {"elapsed_sec": 5.0, "elapsed_ns": 5000000000, "power_samples": [1159.9869743709999, 1162.1058847670001, 1178.856186222, 1180.7564743259998, 1182.5082482399998, 1182.6567624299998, 1190.3363906509999, 1182.7308676699997, 1188.435983475, 1180.830460494, 1190.261808879, 1188.435983475, 1194.0662791199998, 1180.830460494, 1184.635169123, 1188.2122901999999, 1182.5082482399998, 1182.5082482399998, 1188.3615207750001, 1180.7564743259998, 1184.412191256, 1193.91633216, 1182.5082482399998, 1180.608198768, 1182.434143, 1190.0377579, 1178.7081492959999, 1184.560944567, 1182.434143], "power_mean": 1183.0827870243102, "energy_millijoules": 5915.413935121551, "energy_joules": 5.915413935121551}, "cpus": {"1": {"freqs": {"1401600": {"active": {"elapsed_sec": 54.930586959, "elapsed_ns": 54930586959, "power_samples": [-23.99444152299975, 81.39242722100039, 84.85278912400008, 84.85278912400008, 94.20228945700023, 81.07885013300006, 81.07885013300006, 86.73782722800001, 88.54753382500007, 84.77383419900002, 84.77383419900002, 81.0001345730002, 86.65875274299992, 86.65875274299992, 86.58000101100015, 86.58000101100015, 86.58000101100015, 88.46866277700019, 88.31092068100043, 88.31092068100043, 88.31092068100043, 88.1531785850002, 86.02841613400005, 86.02841613400005, 86.18624235100015, 86.02841613400005, 86.02841613400005, 84.30203823900001, 84.14445065400014, 84.14445065400014, 86.02841613400005, 85.94966440200005, 85.94966440200005, 618.7895906990002, 80.21587056500039, 80.21587056500039, 85.94966440200005, 86.02841613400005, 87.91624219900041, 87.91624219900041, 84.0658179940001, 89.64222743900041, 89.64222743900041, 85.63465747400005, 83.90855267400002, 83.90855267400002, 87.6796290550003, 87.52188695900008, 87.52188695900008, 89.4052570790002, 85.63465747400005, 85.63465747400005, 85.63465747400005, 87.52188695900008], "power_mean": 93.798442090352, "energy_millijoules": 5152.403479862806, "energy_joules": 5.152403479862806, "coremark_score": 4551.578487, "coremarks_per_mhz": 3.247416157962329, "ulpmark_cm_score": 48.521044785618535}, "idle": {"elapsed_sec": 5.0, "elapsed_ns": 5000000000, "power_samples": [1130.1115291920003, 1134.103444344, 1134.103444344, 1137.813769855], "power_mean": 1134.03304693375, "energy_millijoules": 5670.16523466875, "energy_joules": 5.67016523466875}}, "1843200": {"active": {"elapsed_sec": 41.770586912, "elapsed_ns": 41770586912, "power_samples": [-27.14674587499985, 701.046522113, 164.09867477900002, 164.09867477900002, 169.7298409790003, 165.72339074700017, 165.72339074700017, 167.51585671500015, 167.6000889310003, 167.6000889310003, 165.72339074700017, 169.4767871150002, 169.4767871150002, 173.14943949999997, 167.51585671500015, 165.38659344500002, 165.38659344500002, 165.38659344500002, 167.17858263700032, 167.17858263700032, 167.17858263700032, 168.970333685, 168.970333685, 167.09435042100017, 168.970333685, 168.970333685, 178.35793846100023, 168.88598239700013, 167.09435042100017, 167.09435042100017, 172.64155476500014, 163.25838982100004, 163.25838982100004, 163.25838982100004, 168.71727982100015, 168.71727982100015, 168.71727982100015, 164.96602772500023, 164.96602772500023, 172.7261444410001, 167.01011820500003], "power_mean": 175.89445758370746, "energy_millijoules": 7347.2147278393495, "energy_joules": 7.34721472783935, "coremark_score": 5985.586707, "coremarks_per_mhz": 3.247388621419271, "ulpmark_cm_score": 34.02649973638641}, "idle": {"elapsed_sec": 5.0, "elapsed_ns": 5000000000, "power_samples": [1134.799657825, 1134.799657825, 1142.2671812180001, 1134.727935245], "power_mean": 1136.64860802825, "energy_millijoules": 5683.24304014125, "energy_joules": 5.68324304014125}}}}, "4": {"freqs": {"1401600": {"active": {"elapsed_sec": 34.136351289, "elapsed_ns": 34136351289, "power_samples": [293.83897265300016, 293.83897265300016, 295.91420956700017, 292.08122771900025, 292.08122771900025, 299.1939228800002, 291.61858349299996, 295.3576824370002, 295.3576824370002, 293.3029886930001, 293.3029886930001, 293.3029886930001, 285.6377216170001, 293.1178444210004, 293.1178444210004, 291.1563181730003, 298.6359644450001, 298.6359644450001, 294.8015351890001, 292.83974861900015, 292.9327001490001, 292.9327001490001, 292.65460434700026, 294.70846409900014, 294.70846409900014, 292.65460434700026, 290.7861270110002, 290.7861270110002, 292.65460434700026, 294.33769926700006, 294.33769926700006, 292.46946007500014, 290.7861270110002, 290.7861270110002], "power_mean": 293.3726440340296, "energy_millijoules": 10014.671635328383, "energy_joules": 10.014671635328384, "coremark_score": 7325.577988, "coremarks_per_mhz": 5.226582468607306, "ulpmark_cm_score": 24.96337464706125}, "idle": {"elapsed_sec": 5.0, "elapsed_ns": 5000000000, "power_samples": [1131.335679584, 1131.335679584, 1133.2208792299998, 1133.2208792299998], "power_mean": 1132.278279407, "energy_millijoules": 5661.3913970349995, "energy_joules": 5.661391397035}}, "2150400": {"active": {"elapsed_sec": 22.242197283, "elapsed_ns": 22242197283, "power_samples": [-3.0554164459997537, 658.7389606940003, 657.336911744, 657.336911744, 658.839627956, 653.0438247270004, 653.0438247270004, 656.285614289, 656.285614289, 656.285614289, 657.9041350970001, 652.1111930130003, 652.1111930130003, 664.963534017, 661.0259469290002, 655.2343168340001, 655.2343168340001, 657.0855189700003, 655.2343168340001, 655.2343168340001, 651.2950805710002, 656.7344097710002], "power_mean": 626.2868075786365, "energy_millijoules": 13929.994729904292, "energy_joules": 13.929994729904292, "coremark_score": 11245.052177, "coremarks_per_mhz": 5.229283936476934, "ulpmark_cm_score": 17.94688403315122}, "idle": {"elapsed_sec": 5.0, "elapsed_ns": 5000000000, "power_samples": [1128.613288272, 1128.613288272, 1128.971598048, 1132.7302714139998], "power_mean": 1129.7321115015, "energy_millijoules": 5648.6605575075, "energy_joules": 5.6486605575075}}, "2208000": {"active": {"elapsed_sec": 21.659178794, "elapsed_ns": 21659178794, "power_samples": [731.5125443150002, 731.5125443150002, 733.417962816, 729.2280585230001, 729.2280585230001, 737.8704259490003, 730.2283137650002, 730.2283137650002, 730.2283137650002, 730.2283137650002, 735.5327490130001, 735.5327490130001, 735.2885108690002, 731.4668728500003, 731.4668728500003, 736.7697816770001, 734.5552959490001, 734.5552959490001, 734.5552959490001, 730.6132085510003, 730.6132085510003], "power_mean": 732.6015567010478, "energy_millijoules": 15867.548101350721, "energy_joules": 15.867548101350721, "coremark_score": 11547.344111, "coremarks_per_mhz": 5.2297754125905795, "ulpmark_cm_score": 15.755427265962963}, "idle": {"elapsed_sec": 5.0, "elapsed_ns": 5000000000, "power_samples": [1131.292555075, 1131.436238379, 1129.632692615, 1129.632692615], "power_mean": 1130.498544671, "energy_millijoules": 5652.492723355, "energy_joules": 5.6524927233549995}}}}}, "meta": {"housekeeping_cpu": 0, "power_sample_interval": 1000, "cpu_count": 8}}